price,roc_mean,speed_margin,power_per_distance,wing_span,range
-1.2396677703994068,-0.9440516460682136,-0.06595795631264445,0.6591201660706697,-0.22462452545477754,-0.7787843439015338
-1.37390733951119,-0.9725716321524657,-0.07482169209294676,0.3307647770082535,-0.3809118700374308,-1.0377482211691083
-0.7360837837649973,-1.0642937512237283,0.36171088601888424,0.347284466407561,-0.5078953375108366,-1.0089744570282666
-1.2396677703994068,-1.0634782406418777,0.344232170006066,0.349528958527936,-0.5078953375108366,-1.0089744570282666
-1.3347890463385486,-1.090605453654182,0.5449886486056899,0.3733322412516308,-0.5078953375108366,-1.0593285442747393
-1.6448209552607205,-1.1158130016790186,0.5012918585736441,0.3711397102619473,-0.3809118700374308,-1.052135103239529
0.3462884406448127,0.4948815318385815,-0.7455134586563742,-0.5512856455103853,-0.31253615678252006,-0.0623176167945782
0.6211425333074179,0.103717841149652,-0.5796522231954402,-0.6585600121523152,-0.32230411581893587,0.1563629906758179
0.3462884406448127,0.10914464926171327,-0.6233490132274859,-0.7600034126134411,-0.31253615678252006,0.27289673544622634
0.7884697520815926,0.10914464926171327,-0.6233490132274859,-0.7600034126134411,-0.31253615678252006,0.37792097456029816
0.7965405839767093,0.06262385577509189,-0.012091463874418895,2.1336069548742933,-0.605574927874995,0.37792097456029816
-0.05357914596864024,-0.014162492149255676,-0.7633653079908718,-2.0893263006741,-0.605574927874995,0.41532686794339224
-0.974828716547254,-0.5671983189959874,-0.6506864872117514,0.10849816355003417,-0.4004477881102625,-1.0981731258648755
-0.974828716547254,-0.6502888612226728,-0.22289326710632962,0.2814961663653061,0.34191709865734066,-1.0377482211691083
-1.0599350576165483,-0.6498673627847183,-0.5895731700538339,0.16676049331768117,-0.4004477881102625,-1.0377482211691083
-1.5370129224390494,-0.7249402306631896,-0.34511990142216437,0.30490776077366843,-0.42975166521951,-0.9859554457155933
-1.8160884182787833,-0.7259252610229299,-0.46747091351189235,0.3184318781145729,-0.42975166521951,-1.14277246028318
-2.270129005167483,-0.7505033100202407,-0.46747091351189235,0.3346608189236584,-0.42975166521951,-1.0607672324817814
-2.7410117823692075,-0.744771366307978,-0.100791010564388,0.348184936264563,-0.42975166521951,-1.0377482211691083
-0.5466261323923093,-0.7899703908858495,0.5539767621598851,0.5760307770466029,-1.0939728796957866,-0.7212368156198506
-0.7360837837649973,-0.4926111261706664,-0.23175700288663192,2.329912433129405,-1.0939728796957866,-0.7356236976902715
-1.1481368427391072,-0.37644657392440467,-0.3541080149763597,-2.5969192652959445,-1.0939728796957866,-0.7931712259719547
-1.4337938774227033,-0.397122982294436,0.5627783090532408,1.464004147710836,-1.4456194050067563,-0.2824369124720164
-0.7360837837649973,-0.397122982294436,-0.056845464984556116,1.3681468233096272,-0.8595418628218066,-0.7298689448621032
-0.5890519747074126,-0.8763458597204561,0.22225429123801743,0.2891808029754487,-0.5762710507657475,-0.7197981274128086
-0.4369901920368998,-0.833041289685328,0.5277586881406577,0.27862230968451396,-0.5762710507657475,-0.7197981274128086
-0.5890519747074126,-0.8763458597204561,0.19603621721878994,0.2891808029754487,-0.6934865592027374,-0.7197981274128086
-0.5890519747074126,-0.9024307687781337,0.44048948585045933,0.2711308284272573,-0.5958069688385791,-0.6205286411269051
-0.7360837837649973,-0.4657542244002776,-0.12713346235750855,1.3681468233096272,-0.5665030917293317,-0.9543043051606676
-1.4337938774227033,-0.9314547373399509,0.09996546803523598,0.30970758529681636,-0.6934865592027374,-0.8780538301874373
-0.8130833307323274,-0.7071639156268267,0.5365602350340134,0.29677637571765686,-0.49812737847442085,-0.8075581080423755
-2.270129005167483,-0.9834298503901278,0.25690077882892104,1.5406900072318035,-0.49812737847442085,-0.9356013584691205
-0.5326475221930151,-0.29822160889476446,-0.5455654355870555,0.6935990915193666,-0.3027681977461042,-0.3327909997184892
-1.0948318008068503,-0.5179240425156327,-0.10921942413606422,0.44241233439814637,-0.9181496170403015,-0.5485942307748011
-1.3058589026100786,-0.5609033287207286,-0.1529784030550566,0.4471973979547699,-0.9181496170403015,-0.6953404278930932
-1.3058589026100786,-0.5609033287207286,-0.08318791677767656,0.4471973979547699,-0.9279175760767174,-0.5874388123649372
-1.2867620980866854,-0.5499053780060049,-0.29280813115760274,0.47351650498780035,-1.7484261351356472,-0.8104354844564596
-1.1036350111718412,-0.6137535017969764,-0.23169481399968528,0.4486459248178186,-1.7484261351356472,-0.8075581080423755
-0.8926078965871627,-0.5000698454531984,0.6061641546505538,1.464004147710836,-0.44928758329234164,-0.9154597235705314
-0.19489770187610478,-0.225544877029832,0.7374410914075303,1.3106324286689017,-0.44928758329234164,-0.3097719884058159
-0.8926078965871627,-0.6219933675044271,-0.8253492695660409,0.11199294563157489,0.5861160745677364,-0.9154597235705314
-0.8926078965871627,-0.43143860334735684,-0.5808960009343714,0.5054309036987457,0.5861160745677364,-0.9154597235705314
0.3462884406448127,-0.14318738650282206,-0.4410662728318252,0.21785893049511856,0.5958840336041522,-0.5270139076691699
-2.417160725060397,-0.5172276559796588,0.039287473085944435,-0.35728501591213574,-0.3320720748553517,-0.44788605628185557
1.1484302379829245,1.3307646768557413,1.3417005715886918,0.14809358923137497,1.768039117974052,1.1663221120193579
1.1623287451220978,0.2819831583428667,1.1581740534541,0.09494117714260995,2.178293397503517,1.517362034537625
1.1623287451220978,0.09599249223603593,-0.34350299036155396,0.026144281692700465,2.178293397503517,1.1634447356052737
1.1623287451220978,0.8288380315878869,-0.17776613267451302,-0.004844949934891122,1.7778070770104677,1.5259941637798775
1.0107886059883253,0.8288380315878869,-0.21272356470014964,-0.004844949934891122,1.7778070770104677,1.3792479666615856
0.33169291466627854,0.48662425395198783,-0.9201140521237172,-0.06205794011250102,0.7717072962596372,0.24268428309834267
0.33169291466627854,0.6172801694692553,-0.5797766009693333,-0.05991572010147463,0.7717072962596372,0.1275892265349763
0.43206375921356316,0.02488585148652231,-0.4575499666534986,-0.1786782331675728,0.7619393372232214,0.1347826675701867
0.8245788471483942,0.5919067832773606,-0.5533097714023197,-0.08270401444252662,0.7717072962596372,0.465680955189865
0.7724098297480837,0.5875016455313056,-0.5359554331633944,-0.08270401444252662,0.7717072962596372,0.465680955189865
0.5880025923274211,0.04274462540506033,-0.6845245192723499,-0.3277353493067781,1.2796411661532605,0.5448088065771794
0.7884697520815926,0.23969200020680928,-0.5885159589757425,2.0900069295836294,1.2796411661532605,0.30023181138002586
0.6297888265604811,0.17723756989049344,-0.8593738682874792,2.0900069295836294,1.2796411661532605,0.30023181138002586
0.5508395623508573,0.15668256141567283,-0.7371472339716444,-0.4453603791080979,1.2796411661532605,0.39374654483776106
0.8045846469032016,0.10903470408547983,-0.9204871854453965,-0.5427591886599232,0.6740277058954789,0.35777933966170905
0.6555442830647519,-0.03219078584568341,-0.623473391001379,-1.0378327400795235,0.6740277058954789,0.5160350424363378
0.5149087917621584,-0.26098068406345093,-0.6324615045555745,-0.3301250916434905,1.2796411661532605,-0.013402217755147494
0.5149087917621584,0.07499167012380864,-0.5538694713848387,-0.22762704378332185,1.2796411661532605,-0.36731951668749907
0.5149087917621584,-0.26098068406345093,-0.6149827885427561,-0.3301250916434905,1.2796411661532605,-0.2809982242649743
0.6640690113526847,-0.15460225879939643,-0.5276513973656113,-0.4648611169714857,1.2796411661532605,-0.2809982242649743
0.6211425333074179,-0.40794453536839637,-0.44044438396235963,-0.5650741525498253,1.2796411661532605,-0.23783757805371192
0.7884697520815926,-0.2822160474991643,-0.6237843354361118,-0.5515451288516907,1.2894091251896762,-0.2248893841903332
0.8913519830614455,-0.35905966901839836,-0.6237843354361118,-11.122184347088336,0.7619393372232214,-0.2248893841903332
0.5329407161044228,-0.29684256639112805,-0.6936991994873849,-0.8332770794572368,0.7619393372232214,-0.40472541007059315
0.7884697520815926,0.21796914606996562,-0.47502868266631687,-0.1434804914395558,-0.009729426653629272,0.1419761086053971
0.8522966661152994,0.21796914606996562,-0.6321505601208417,-0.1434804914395558,-0.009729426653629272,-0.1256198979044297
0.8913519830614455,-0.20652467511079045,-0.6321505601208417,-0.3143952206160085,-0.009729426653629272,-0.1256198979044297
-0.15878861278290254,-0.09720721550003192,-1.0254216704092527,-1.3795671058322048,1.2112654528983495,-0.4162349157269298
-0.03080637381909488,-0.1346611779783746,-0.8770391509611372,-1.3795671058322048,1.191729534825518,-0.04505335831007325
0.14406448018672605,-0.14556979194804964,-0.7285944426260749,1.0078918894254605,0.9670664769879538,-0.3932159044142565
-0.1350111442468644,-0.30792527699479655,-0.5103592480136327,0.603060514973705,0.9670664769879538,-0.401848033656509
0.7477077381510226,-0.5071207968660874,-0.7809684017775831,-1.9072140932908903,0.7521713781868056,-0.17885136156498666
0.7477077381510226,-0.489962986339627,-0.7372716117455375,-1.9072140932908903,0.7521713781868056,-0.14144546818189258
-0.19489770187610478,-0.44090860021173917,-0.32714367431377367,0.8053020425607036,0.7521713781868056,-0.34717788178890996
-0.19489770187610478,-0.44090860021173917,-0.274831904049212,0.6535078452972495,0.6837956649318947,-0.2666113421945535
-0.19489770187610478,-0.403578338635377,-0.2835712620556211,0.46250910160381054,0.6837956649318947,-0.25654052474525896
-0.31929842133061487,-0.40091189137992256,-0.03911799342395156,0.46250910160381054,0.6837956649318947,-0.27236609502272185
0.3462884406448127,0.18228639743373964,-0.6495048983597667,-0.30635670924521285,-0.1757847302726984,0.14629217322652335
0.3462884406448127,0.08215992993459424,-0.7543150055497299,-0.28572526911484064,-0.1757847302726984,0.3146186934504467
0.3462884406448127,0.21722556005402072,-0.9727989557099582,-0.28572526911484064,-0.1757847302726984,0.2772128000673526
0.3462884406448127,0.18228639743373964,-0.6495048983597667,-0.30635670924521285,-0.1757847302726984,0.14629217322652335
0.3462884406448127,0.05882530761860809,-0.8067511535881846,-0.28572526911484064,-0.1757847302726984,0.3146186934504467
-0.11287089693558847,0.15577541308200388,-0.8682376040677814,-0.29088614577915217,-0.1757847302726984,0.284406241102563
-0.3709021183930639,0.004901227638925296,-0.8682376040677814,-0.29862746077561936,-0.1757847302726984,0.284406241102563
0.9601047605618303,-0.17420430006463883,-0.42259253462786206,-0.5488656030775213,-0.1757847302726984,-0.2507857719170906
0.9601047605618303,-0.17420430006463883,-0.42259253462786206,-0.5488656030775213,-0.1757847302726984,-0.2507857719170906
-0.30656725151707576,-0.4910634591344124,-0.807124286909864,0.7213471142159977,-0.1757847302726984,0.032635804870199056
-0.08814432582199906,-0.4951813336607629,-0.4229656679495414,0.7213471142159977,-0.1757847302726984,-0.5198204666339595
-0.2813036658862231,0.039779000009570055,-0.868299792954728,-0.5732393377312843,-0.1757847302726984,-0.24790839550300647
-0.23155254062221398,-0.380968509552131,-0.5277757751395045,0.6608884884997992,-0.1757847302726984,-0.21337987853399656
-0.2563005340951305,-0.15958008217944486,-0.4492459308557153,0.9137413241342873,-0.19532064834553006,-0.239276266260754
-0.2939025632762677,-0.18360101691648942,-0.4492459308557153,0.9137413241342873,-0.19532064834553006,-0.239276266260754
-0.4369901920368998,-0.5006516847993994,-0.2922484311750837,1.9132315090693661,-0.26369636160044085,-0.3601260756522887
-0.4369901920368998,-0.1362372265539591,-0.2922484311750837,-2.2800741826957927,-0.26369636160044085,-0.3601260756522887
-0.4369901920368998,-0.1362372265539591,-0.2922484311750837,-2.2800741826957927,-0.18555268930911423,-0.3601260756522887
-0.2377159043476761,-0.1284797893327451,-0.3360074100940759,-1.8076848663220333,-0.15624881219986675,-0.0982848219706302
0.3462884406448127,-0.0878879456303345,0.21438557764886,5.663842658122484,-0.1757847302726984,0.06572563363216688
0.3462884406448127,-0.2045133975289402,0.2231249356552691,0.7897405554608447,-0.6837186001663216,-0.16014841487343962
-0.38397644787789703,-0.23306774777012415,-0.16128243885283972,0.8630987987437757,-0.6837186001663216,-0.275243471436806
-0.6467995150032395,2.943691474812417,0.2228139912205363,0.8136392542498582,-0.6837186001663216,-0.3083333001987738
-0.7360837837649973,-0.47241346467604023,-0.03911799342395156,0.46591091035968846,-0.7618622724576483,-0.5773679949156427
0.7477077381510226,-0.4914542750262666,0.3715696439903313,0.4129638892302111,-0.6934865592027374,-0.44788605628185557
-0.46963534221092135,3.293380948866073,0.31014538239768114,0.5619814341877415,-0.6837186001663216,-0.2795595360579322
-0.51874901903624,-0.5219951777633661,0.07443147177242065,0.4129638892302111,-0.6934865592027374,-0.5399621015325486
0.49674179561771203,-0.4914542750262666,0.3016547799390582,0.4129638892302111,-0.6934865592027374,-0.4766598204226971
-0.51874901903624,-0.5219951777633661,0.07443147177242065,0.4129638892302111,-0.6934865592027374,-0.529891284083254
-0.4103384708574156,-0.5422519285008588,0.14428414693674724,0.3937851017596512,-0.6934865592027374,-0.529891284083254
-0.2939025632762677,-0.5438554633705016,0.21407463321412712,0.37826640334445216,-0.6934865592027374,-0.5414007897395907
-0.19489770187610478,-0.570322929853098,0.2577714232461728,0.35631534797735104,-0.6934865592027374,-0.5989483180212739
-0.04216603120241668,-0.547314511769852,0.3799980575620076,0.35631534797735104,-0.7716302314940641,-0.6032643826424001
-0.21927260387882685,-0.518118747580811,0.3450406255363711,0.36212196167601185,-0.7716302314940641,-0.6349155231973259
-0.31929842133061487,-0.4879379530320297,0.37987367978811454,0.357707371619813,-0.7716302314940641,-0.5198204666339595
-0.45042669294065546,-0.45435538367878436,0.344916247762478,0.3445228258749309,-0.7716302314940641,-0.5773679949156427
-0.5748274053036997,-0.519752069751282,0.24010614057251495,0.3380569633604956,-0.7716302314940641,-0.6349155231973259
-0.45042669294065546,-0.53249328781271,0.3012194577304323,0.33297332363033516,-0.7716302314940641,-0.5485942307748011
-0.6467995150032395,-0.4609711060854075,0.38867522668147025,0.4107985768194005,-0.7716302314940641,-0.5730519302945165
-0.4103384708574156,-0.5422519285008588,0.1791793900754372,0.3937851017596512,-0.7716302314940641,-0.5629811128452219
-0.46963534221092135,3.293380948866073,0.31014538239768114,0.5619814341877415,-0.6837186001663216,-0.2795595360579322
-0.4103384708574156,-0.5422519285008588,0.1791793900754372,0.3937851017596512,-0.7618622724576483,-0.5629811128452219
-0.47752509997936926,-0.6069064091614733,0.14415976916285406,0.5830425027561226,-0.7618622724576483,-0.5629811128452219
-0.4103384708574156,-0.5422519285008588,0.1791793900754372,0.3937851017596512,-0.7618622724576483,-0.5629811128452219
-0.4103384708574156,-0.5897485986350128,0.14415976916285406,0.5830425027561226,-0.7618622724576483,-0.4939240789072021
-0.3971216412447907,-0.6201653402687779,0.14415976916285406,0.5622831678849997,-0.7618622724576483,-0.4939240789072021
-0.21927260387882685,-0.6030075297423175,0.14415976916285406,0.5622831678849997,-0.7813981905304799,-0.5198204666339595
-0.8311444424046044,-0.48661252766988383,-0.5632307182607135,0.9747307102501735,-0.7716302314940641,-0.3802677105508778
-1.0014009632001093,-0.3909750374030305,-0.30136092250317215,1.236344511254323,-0.7716302314940641,-0.46083425014523427
-1.0000485126629923,-0.47825353791655634,-0.35367269276773383,0.7472574324446617,-0.7716302314940641,-0.29826248274947925
-0.9169827945069166,-0.583178695104299,-0.14423904504864737,0.6086752195197511,-0.7911661495668958,-0.3860224633790461
-1.315463990936327,-0.357841912983152,-0.16177994994841216,1.0934059038101058,-0.7716302314940641,-0.49824014352832835
-1.460211113705291,-0.5997858090320127,-0.10940599079690394,0.5738109414110276,-0.7911661495668958,-0.49824014352832835
-1.460211113705291,-0.5476260650315731,-0.10940599079690394,0.5864011948686648,-0.7911661495668958,-0.49824014352832835
-1.1481368427391072,-0.6847465157594249,-0.26659005713837536,0.5905979460212105,-0.7911661495668958,-0.16014841487343962
-1.5055833492252166,-0.5384859288533268,-0.2579750769058593,7.3580349663176445,-0.7716302314940641,-0.3860224633790461
-0.9088305786867875,-0.631866555382349,-0.030876146513114877,0.5521378440277923,-0.7911661495668958,-0.16014841487343962
-1.2583959073275204,-0.6825244763798796,-0.10959255745774366,0.7079712592994631,-1.0939728796957866,-0.7787843439015338
0.2472835691393137,-0.4658870790144657,-0.20485485111099233,0.569792401910238,-0.605574927874995,-0.2176959431551228
-0.42362772177595265,-0.4658870790144657,-0.3709026532327659,0.569792401910238,-0.605574927874995,-0.6162125765057789
0.2472835691393137,-0.4852348406128736,0.22293836899442943,0.3845328573999356,-0.605574927874995,-0.2176959431551228
-0.19489770187610478,-0.45216083059329737,-0.30972714718790195,0.569792401910238,-0.605574927874995,-0.5198204666339595
-0.5890519747074126,-0.49505535690944835,-0.440817517284039,0.569792401910238,-0.605574927874995,-0.5198204666339595
-0.07656777689321397,-0.47150859219170527,-0.004284939172208124,0.3272822794840468,-0.605574927874995,-0.5198204666339595
0.09075942263269489,-0.5437409161807286,0.1180660729175198,0.263497664594944,-0.605574927874995,-0.39177721620721445
-0.19489770187610478,-0.5625022615768318,0.8339471627997102,0.4312147468910996,-0.605574927874995,-0.6608119109240833
-0.019499675379053595,-0.5050957635584901,1.034703641399334,0.3773112411440821,-0.605574927874995,-0.6852696104437986
-0.2563005340951305,-0.5210165650651454,0.7987409752262874,0.3732924715167364,-0.605574927874995,-0.46083425014523427
2.0753933894690286,2.3831161345043435,2.3904235323577883,0.715401369932775,0.5177403613128256,1.1562512945700631
2.0753933894690286,2.022196929620601,2.4079022483706063,0.8145876082555067,0.5177403613128256,1.1562512945700631
1.546066721316975,2.342619585007147,2.6089074825180165,1.963914653363641,2.6373874722150608,3.5674927295725887
1.546066721316975,2.2014169793565026,2.6089074825180165,1.6738560117584904,2.6373874722150608,2.9920174467557565
1.7718373407771728,2.200454883592153,0.0771677827980688,0.776308098073637,0.01957445045561822,1.9820583254122168
1.7718373407771728,2.064841778283457,-0.4118631322391635,0.7593535396452831,0.00980649141920239,1.9820583254122168
1.7718373407771728,2.34458049201442,-0.09761937733011372,0.776308098073637,0.01957445045561822,1.3044361798953974
1.7718373407771728,2.064841778283457,-0.4118631322391635,0.7593535396452831,0.00980649141920239,1.3044361798953974
1.923303577429923,1.8781400998270692,1.185822471873098,1.6893510840577914,0.5177403613128256,0.9131129875799517
1.9684497568566122,1.8493956213768108,1.1596043978538708,1.6893510840577914,0.5177403613128256,0.7749989197039121
2.0753933894690286,2.5949516962439896,-0.03656824905914258,0.7603557718621706,-0.43951962425592583,0.7476638437701126
1.7718373407771728,2.88235528904164,-0.46436146916456433,0.6075713120593547,-0.43951962425592583,0.7749989197039121
1.7718373407771728,2.88235528904164,-0.46436146916456433,0.6075713120593547,-0.43951962425592583,0.8829005352320681
1.7718373407771728,2.88235528904164,0.5048366251295975,0.8495675151141824,-0.44928758329234164,0.681484186246177
1.7718373407771728,2.403182832505069,0.6095845434326144,0.7230582000120471,-0.44928758329234164,0.12902791474201838
1.7718373407771728,2.312372438623579,0.6270632594454324,0.7804857016058292,-0.44928758329234164,-0.26085658936638517
1.7718373407771728,2.575768852409932,-0.1587948833749775,0.7724517094282567,-0.43951962425592583,0.12902791474201838
1.7718373407771728,2.575768852409932,0.6881765766033496,0.8495675151141824,-0.44928758329234164,0.12902791474201838
1.7718373407771728,2.3669933653405897,0.4872335313428864,0.7379249387421412,-0.44928758329234164,0.681484186246177
1.7718373407771728,2.041109512527615,0.6008451854262051,0.5238948096909818,-0.43951962425592583,0.12902791474201838
1.546066721316975,2.041109512527615,0.4349217610783249,0.48553380764268933,-0.43951962425592583,0.27145804723918426
1.546066721316975,2.175897978699688,0.6620828803580157,0.7354278674904616,-0.43951962425592583,0.1275892265349763
2.0753933894690286,2.31567104548494,-0.7819634239687281,1.0487484521303059,2.862050530052625,3.3646376923796555
2.0753933894690286,2.110133796059773,-3.348784933488205,1.0528283219133914,1.650823609537062,1.9978838956896796
2.0753933894690286,1.3118589718116012,0.04208597299853922,0.943342496953376,1.650823609537062,2.062624865006573
2.0753933894690286,2.0062674094456567,0.033346614992129986,0.943342496953376,1.6605915685734778,2.4294903578023037
2.0753933894690286,1.9361196933658869,0.5222531522554692,1.3304121485832263,1.6605915685734778,2.4294903578023037
1.7718373407771728,0.8039237545577921,3.362171371016759,-4.862579262768961,1.7289672818283885,1.5231167873657934
1.6615782176979121,0.9709111204084988,-1.6280642395298037,0.49098170363232163,1.5043042239908244,1.715901007109432
1.6615782176979121,0.9867769493270373,-1.6280642395298037,1.2019850012200157,1.5043042239908244,1.4655692590841103
1.6615782176979121,0.9231831052029005,-1.6280642395298037,1.352664062543957,1.5043042239908244,1.715901007109432
1.7718373407771728,0.10388508507820773,4.854922490165165,0.745242197661671,1.6410556505006462,1.386441407696796
1.546066721316975,1.0065274417376306,-2.737776139682924,0.4025356080428701,0.8596189275873797,0.8253530069503849
1.546066721316975,0.7367177837179786,-1.6280642395298037,0.9816209877423409,0.9084587227694588,0.5951628938236522
1.546066721316975,0.7233346915073394,-0.03911799342395156,0.9816209877423409,0.9084587227694588,0.5951628938236522
1.546066721316975,0.6788389313283154,-1.8114041910035559,0.9298319972549877,0.5372762793856573,0.5707051943039368
1.1623287451220978,0.6299540649783173,-1.7502908738456386,0.9137623764900581,0.5177403613128256,0.2196652717856694
1.1623287451220978,0.4326117576299643,-0.23014009182602135,-0.6573685031405537,1.1721936167526863,1.843944257536177
1.0488445185864481,0.2467502896839257,-0.9987060852944529,-0.3909306459224861,0.556812197458489,0.48438390188141206
1.141451001927812,0.23749744712132229,-0.6931394995048659,-0.3956562856776397,0.556812197458489,0.790824489981375
0.8045846469032016,0.19964351503891786,-0.4400090617537337,-0.344227837459153,0.20516567214751902,0.41101080332226597
0.8679943440147141,0.19720156014946985,-0.5448813578306433,-0.4328614890359765,0.28330934443884564,-0.09540744555654604
0.4414097538959637,0.20305674456235911,-0.7108047821785238,-0.5106017564611413,0.048878327564865716,-0.12274252149034555
0.4414097538959637,0.20305674456235911,-0.7108047821785238,-0.5106017564611413,0.048878327564865716,-0.12274252149034555
0.8522966661152994,0.17639684886391846,-0.5100483035789,-0.3310697658321223,0.556812197458489,0.2700193590321422
0.7965405839767093,0.08810629189794794,-0.35286423723742855,-1.639222683723099,0.06841424563769738,0.2570711651687635
0.4414097538959637,0.04681760145820954,-0.5450057356045365,-1.731841337717474,0.048878327564865716,-0.004770088512895017
0.4414097538959637,0.09394544473575617,-0.41403974328229254,-0.48498374884864476,0.8205470914417163,-0.5155044020128333
0.5239415122596586,-0.025387236236755484,-0.30929182497927604,-0.2827791516812298,0.556812197458489,-0.052246799345283645
0.45814231824664287,0.04062795434564464,-0.4402578173015199,-6.6315694258572755,0.06841424563769738,0.38655310380255065
0.45814231824664287,0.04062795434564464,-0.3966232161564209,-6.6315694258572755,0.048878327564865716,-0.112671704041051
0.45814231824664287,0.04062795434564464,-0.3966232161564209,-6.6315694258572755,0.048878327564865716,0.2743354236532684
0.7722470645562811,0.03435584835090465,-0.3790201223697095,-1.846496701242954,-0.1464808531634509,0.28009017648143675
0.48760701028028797,0.09620642512833719,-0.5275892084786649,-2.107537521412421,-0.1464808531634509,0.49877078395183283
0.5149087917621584,0.03300429214132661,-0.49263177645302825,-1.8798488152008648,-0.1464808531634509,0.024003675627946575
0.7062489042447051,-0.16492854806408083,0.013815665710075753,-87.1400311218208,-0.3027681977461042,-0.2536631483311748
0.6297888265604811,-0.1699526505213924,-0.012464597196098215,-1.3370141039373167,-0.3027681977461042,-0.2536631483311748
0.6297888265604811,-0.03396384049321593,-0.30929182497927604,-0.7356965070478605,-0.3027681977461042,-0.2464697072959644
0.5686072803893185,-0.17646758146398966,-0.37034295325024685,-3.904942856084902,-0.2832322796732725,-0.5672971774663481
0.6384044046860152,-0.14558352251636092,-0.17826364377008555,-3.904942856084902,-0.3027681977461042,-0.15007759742414506
0.6725638806467018,-0.15287364242371124,-0.10841096860575902,-3.904942856084902,-0.3027681977461042,-0.15007759742414506
-0.225404800134293,-0.17262001817955475,-0.6325236934425209,-3.904942856084902,-0.2832322796732725,-0.3601260756522887
-0.2563005340951305,-0.18770835712657052,-0.22220918934991746,6.948146285016319,-0.3027681977461042,-0.3327909997184892
-0.20705453102779525,-0.20737454984957296,-0.15235651418559093,4.091412242236165,-0.3027681977461042,-0.3385457525466575
-0.20705453102779525,-0.20737454984957296,-0.3356964656593431,1.5988663353533412,-0.2832322796732725,-0.3385457525466575
-0.15878861278290254,-0.22399173789220214,-0.32695710765293395,1.247968022066036,-0.2832322796732725,-0.32272018226919463
-0.06504622362750574,-0.23189486505064333,-0.3094783916401157,-1.4163022587430598,-0.22462452545477754,-0.32272018226919463
-0.04216603120241668,-0.26080886327879144,-0.7896455708970458,20.99988645663888,-0.3027681977461042,-0.33566837613257333
-0.2563005340951305,-0.30401264184989374,-0.8334667387029846,11.544592505790758,-0.3809118700374308,-0.3903385280001724
0.3462884406448127,-0.21285405470041693,-0.06496293412149959,0.8628538221376163,-0.058569221835708424,-0.10979432762696684
-0.19489770187610478,-0.4303344489417398,-0.10865972415354527,4.482211913704046,-0.13671289412703508,0.039829245905409455
-0.19489770187610478,-0.355994632762944,-0.1436171561791818,3.1780830186737004,-0.13671289412703508,0.24268428309834267
0.7312091525630349,-0.37486822434205047,-0.14367934506612837,3.1780830186737004,-0.13671289412703508,0.01249416997160994
0.7965405839767093,-0.3932630438883159,-0.13493998705971924,3.1780830186737004,-0.15624881219986675,0.01249416997160994
0.7965405839767093,-0.3932630438883159,-0.012713352743884451,1.223475664094975,-0.15624881219986675,0.01249416997160994
0.8679943440147141,-0.4073260308584939,0.11825263957835948,1.117717704281129,-0.15624881219986675,0.01249416997160994
-0.6910308092515612,-0.4314889990793698,-0.3883813692455842,3.1780830186737004,-0.13671289412703508,0.3275668873138254
-0.45042669294065546,-0.3765840053946965,-0.379642011239175,3.1780830186737004,-0.13671289412703508,0.01249416997160994
-0.2813036658862231,-0.39801637490235797,-0.3185286940812576,3.1780830186737004,-0.13671289412703508,0.015371546385694098
-0.2563005340951305,-0.40004140820995526,-0.3185286940812576,3.1780830186737004,-0.15624881219986675,0.01249416997160994
-0.2563005340951305,-0.40004140820995526,-0.19630205976542284,1.223475664094975,-0.15624881219986675,0.015371546385694098
-0.19489770187610478,-0.4073260308584939,-0.1264493846010963,1.117717704281129,-0.15624881219986675,0.015371546385694098
-0.1350111442468644,-0.4489262745599533,-0.004222750285261534,0.9708554029100275,-0.15624881219986675,0.015371546385694098
-0.31929842133061487,-0.5434889375206639,0.04802683109235356,0.7688180145443155,-0.15624881219986675,-0.04505335831007325
0.3462884406448127,-0.16261489609015287,-0.3009877891814928,0.9772286180824135,1.4945362649544087,-0.06519499320866236
0.21677646832281408,-0.08839466415858774,-0.26603035715585627,-0.502153426769237,1.4945362649544087,-0.14576153280301882
0.3462884406448127,-0.2598604980827528,0.22331150231610877,1.061403385225758,-0.3320720748553517,0.5160350424363378
0.3462884406448127,-0.16610876884778913,0.43274515003519526,1.6221782314915993,-0.058569221835708424,-0.2824369124720164
0.14406448018672605,-0.21423539821082313,0.04839996441403294,0.946717964976696,-0.3027681977461042,-0.3601260756522887
0.7062489042447051,-0.16610876884778913,0.43274515003519526,1.6221782314915993,-0.058569221835708424,-0.2824369124720164
0.5329407161044228,-0.21938274136876126,0.07461803843326036,0.946717964976696,-0.3027681977461042,-0.2824369124720164
0.6640690113526847,-0.3006131680521995,0.13573135559117777,0.946717964976696,-0.3027681977461042,-0.25797921295230103
0.6640690113526847,-0.2771557652369408,0.1444707135975869,0.9894678998028043,-0.3027681977461042,-0.25797921295230103
0.8045846469032016,-0.5092031037685711,0.2492186319006034,0.6082691184632077,-0.3027681977461042,-0.24790839550300647
0.8913519830614455,-0.49702311662215914,0.2841138750392934,0.5849562126650124,-0.32230411581893587,-0.5356460369114224
-0.7360837837649973,-0.22365730034996228,0.1267432420369824,1.5235157475501062,-0.058569221835708424,-0.44788605628185557
-0.5466261323923093,-0.27029264102635664,-0.1264493846010963,0.9638179389071394,-0.3027681977461042,-0.44788605628185557
-0.4103384708574156,-0.5486660679794301,-0.004222750285261534,0.6082691184632077,-0.3027681977461042,-0.2176959431551228
-0.20705453102779525,-0.5536438913594786,0.03941185085983756,0.5849562126650124,-0.32230411581893587,-0.3903385280001724
-0.07656777689321397,-0.5899272721251101,0.10926452602416414,0.5016424056178672,-0.32230411581893587,-0.3903385280001724
-0.15878861278290254,-0.5248971119024504,0.14415976916285406,0.384353995444899,-0.3320720748553517,-0.3327909997184892
-0.11146452845232381,-0.5479330162797545,0.23149116033999895,0.4411509396412772,-0.34184003389176754,-0.3040172355776476
0.4414097538959637,-0.36814713361529766,-0.28363345094256764,0.946717964976696,-0.41021574714667836,-0.4723437558015709
-1.1843357497182692,-0.34499898305499016,-0.45842061107075033,0.9638179389071394,-0.41021574714667836,-0.4306217977973506
0.4038077198564914,0.027994380453680245,0.013069399066717002,-11.759391952515454,-0.41021574714667836,-0.3903385280001724
0.26741051076716177,-0.10586172693999946,0.1527747493953701,1.8862214224887512,-0.41021574714667836,-0.4104801628987615
-1.0773206647888292,0.0722106756785812,-0.08312572789072992,3.9558317463154187,-0.41021574714667836,-0.3327909997184892
-1.0773206647888292,-0.10513097624709372,-0.21409172021297396,1.3819011824269203,-0.41021574714667836,-0.4766598204226971
-1.0773206647888292,-0.10513097624709372,0.03036154841869565,1.3819011824269203,-0.41021574714667836,-0.5773679949156427
-1.0773206647888292,-0.10513097624709372,-0.39743167168672616,1.3819011824269203,-0.2930002387096884,-0.5773679949156427
0.19622310356958345,-0.4245754791367726,-0.6243440354186309,1.1093320474263628,-0.41021574714667836,-0.4104801628987615
-1.5370129224390494,-0.4657542244002776,-0.2840687731511936,1.0805748501060002,-0.41021574714667836,-0.5773679949156427
0.5329407161044228,-0.4230223399991428,0.05689056687265587,0.6511964723999291,-0.41021574714667836,-0.3903385280001724
0.46923356911240516,-0.3406098768840161,0.11800388403057327,0.6806018579360257,-0.41021574714667836,-0.4766598204226971
0.46923356911240516,-0.3406098768840161,0.11800388403057327,0.6806018579360257,-0.32230411581893587,-0.4090414746917194
-0.9251625051862425,-0.3916892963195012,-0.10041787724270862,0.6629586266143678,-0.41021574714667836,-0.3327909997184892
-0.9251625051862425,-0.3916892963195012,-0.08300135011683685,0.6629586266143678,-0.32230411581893587,-0.5773679949156427
-0.9251625051862425,-0.378357060042229,-0.08300135011683685,0.5849562126650124,-0.32230411581893587,-0.5126270255987492
-0.6322332123772791,-0.5673701397806468,0.0043300410603078765,0.5849562126650124,-0.32230411581893587,-0.5011175199424125
0.46923356911240516,-0.3406098768840161,0.11800388403057327,0.6806018579360257,-0.32230411581893587,-0.4349378624184768
0.5329407161044228,-0.3648553039870671,0.09184799889829237,0.6511964723999291,-0.3906798290738467,-0.28531428888610055
-0.7819895458745456,-0.3328020439307892,-0.14411466727475425,0.6629586266143678,-0.3906798290738467,-0.28531428888610055
-0.9251625051862425,-0.378357060042229,-0.08300135011683685,0.6806018579360257,-0.32230411581893587,-0.5126270255987492
-0.6322332123772791,-0.5673701397806468,0.0043300410603078765,0.5849562126650124,-0.3320720748553517,-0.49824014352832835
-0.7209729433410683,-0.516235747757045,0.047902453318460436,1.0788458721709542,-0.3320720748553517,-0.5701745538804324
-0.6984817584705265,-0.39568208933980936,-0.13537530926834512,0.9852759155560479,-0.371143911001015,-0.4723437558015709
-0.7360837837649973,-0.39596385530070227,-0.2488625855777708,1.0354906886775483,-0.371143911001015,-0.4435699916607293
-0.7360837837649973,-0.38223760687953395,-0.15279183639421684,0.943430271288131,-0.371143911001015,-0.44788605628185557
-0.7360837837649973,-0.38223760687953395,-0.2488625855777708,1.0438598175311318,-0.371143911001015,-0.43349917421143475
-1.0599350576165483,-0.40794913738193594,-0.720663540149971,0.46967742830250786,0.27354138540242984,-0.9039502179141948
-2.4785635106394346,-0.3389536704330263,-0.7207257290369176,0.47816091765922275,0.27354138540242984,-0.8938794004649002
-2.2137245854492895,-0.4450205424353598,-0.5897597367146736,0.47816091765922275,0.16609383600185568,-0.8938794004649002
-1.62287255787638,-0.7772566591184797,-0.30167186693790493,0.47816091765922275,0.27354138540242984,-0.8938794004649002
-1.62287255787638,-0.7772566591184797,-0.30167186693790493,0.47816091765922275,0.16609383600185568,-0.9111436589494052
-2.9207443618950255,-0.5079134231674192,-0.4240228790276329,0.5375453431562266,0.16609383600185568,-1.017606586270519
-2.50985788578984,-0.5673174681992998,-0.3978048050084054,0.5375453431562266,0.16609383600185568,-1.017606586270519
-0.7819895458745456,-0.7447965515952666,-0.07444855877126744,0.47816091765922275,0.11725404081977653,-0.9111436589494052
-1.2396677703994068,-0.6481813690329004,-0.3191505829507233,0.5375453431562266,0.11725404081977653,-1.017606586270519
-0.7209729433410683,-0.41250316131726017,-0.030751768739221808,0.8871335870991706,-0.41021574714667836,-0.5917548769860635
-0.6761972335299062,-0.22464233070970258,-0.10928161302301087,1.340370916070241,-0.41021574714667836,-0.5601037364311378
-0.4639380493470845,-0.4940428402556497,0.19640935054046926,0.6729618414904283,-0.41021574714667836,-0.38314508696496197
-0.51874901903624,-0.5504940952150794,0.07418271622463446,0.6729618414904283,-0.371143911001015,-0.6349155231973259
-0.6033604653104614,-0.599154469199071,-0.126635951261936,0.49958520417231544,-0.371143911001015,-0.6349155231973259
-0.5466261323923093,-0.4842269259726144,-0.126635951261936,0.5120948750860821,-0.3906798290738467,-0.5039948963564966
-0.19489770187610478,-0.4438362049969017,0.41495548958764417,0.6046055884645181,-0.41021574714667836,-0.09540744555654604
-0.45042669294065546,-0.40952058394398094,0.1789928234145975,0.6046055884645181,-0.41021574714667836,-0.09540744555654604
-0.19489770187610478,-0.5117916689979543,0.31002100462378807,0.6521657934777854,-0.41021574714667836,-0.24215364267483816
-0.19489770187610478,-0.5260516620400804,0.37993586867506113,0.6521657934777854,-0.3906798290738467,0.085867268530756
-0.4369901920368998,-0.508529166469198,0.15271256050842363,0.6573529341454776,-0.3906798290738467,0.026881052042030736
-0.4369901920368998,-0.45919989224329083,0.2748770059373118,0.5554090258716908,-2.734989997813646,-0.14144546818189258
-0.9088305786867875,-0.5283309750145122,0.11775512848278702,0.6573529341454776,-0.41021574714667836,-0.13569071535372426
-0.6614538320231168,-0.5519006240127741,0.07412052733768792,0.6573529341454776,-0.41021574714667836,-0.13569071535372426
-0.4911886977364595,-0.593079369276279,0.05664181132486956,0.6573529341454776,-0.41021574714667836,-0.5198204666339595
-0.3320967743738519,-0.626634452335466,0.19634716165352273,0.6573529341454776,-0.371143911001015,-0.5198204666339595
-0.3320967743738519,-0.626634452335466,0.19634716165352273,0.6573529341454776,-0.371143911001015,-0.5198204666339595
-0.21927260387882685,-0.6650276262976398,-0.17033274129398163,0.5949518523780306,-0.3906798290738467,-0.6636892873381675
-0.1828015055105327,-0.6608080399045555,-0.21402953132602737,0.5679926977630888,-0.3906798290738467,-0.6737601047874621
-0.8445809419947001,-0.32120254068395204,0.10021422358302223,22.04355427239569,-0.41021574714667836,-0.1543936620452713
-0.7360837837649973,-0.23879007756882537,0.10021422358302223,22.04355427239569,-0.41021574714667836,-0.1543936620452713
-0.7360837837649973,-0.23879007756882537,0.10021422358302223,22.04355427239569,-0.41021574714667836,-0.1543936620452713
-0.9416051573814218,-0.4280070412420648,0.10021422358302223,1.2147751042676929,-0.41021574714667836,-0.1543936620452713
-0.4911886977364595,-0.585455707071961,0.19634716165352273,0.6842662162498881,-0.41021574714667836,-0.1543936620452713
-0.24389497091962012,-0.5888872691772531,0.07412052733768792,0.6842662162498881,-0.371143911001015,-0.4162349157269298
-0.019499675379053595,-0.630712005244719,-0.17033274129398163,0.6245977018449156,-0.3906798290738467,-0.5730519302945165
-0.05357914596864024,-0.6309090113166671,-0.021950221845866036,0.5996465890841208,-0.3906798290738467,-0.5730519302945165
-0.5748274053036997,-0.47663305106912457,0.1527747493953701,0.6884757781516306,-0.44928758329234164,-0.5917548769860635
-0.6033604653104614,-0.498938204753523,0.11781731736973355,0.6884757781516306,-0.44928758329234164,-0.583122747743811
-0.9581600469023778,-0.5880167860072858,0.2399195739116753,0.5289269770970966,-0.44928758329234164,-0.6061417590564843
-0.9581600469023778,-0.5880167860072858,0.18748342587322042,0.5289269770970966,-0.44928758329234164,-0.7111659981705561
-0.7665908781857141,-0.5376979045655346,-0.022074599619759105,0.5289269770970966,-0.43951962425592583,-0.7212368156198506
-1.2962917042471818,-0.5685819635131633,0.1175685618219473,0.4734425745043494,-0.43951962425592583,-0.46083425014523427
-0.974828716547254,-0.5829542027382926,-0.5110433257700449,0.48534076234293977,-0.3906798290738467,-0.4637116265593184
-0.7512893635596988,-0.6112496964565381,-0.34511990142216437,0.4727098545792333,-0.3906798290738467,-0.4579568737311501
-0.6177538732183027,-0.43509008096255153,0.03916309531205131,0.6911028879484334,-0.41021574714667836,-0.275243471436806
-0.5890519747074126,-0.5140434956783277,-0.02213678850670575,0.6823850480643302,-0.3809118700374308,-0.6277220821621154
-0.5890519747074126,-0.5954984147277725,0.11763075070889384,0.6846863170397262,-0.41021574714667836,-0.49104670249311794
-1.0599350576165483,-0.5235501577064118,0.004081285512521737,0.6823850480643302,-0.3809118700374308,-0.3932159044142565
-1.1481368427391072,-0.5025392866367048,0.038976528651211595,0.6379678302295914,-0.3809118700374308,-0.4766598204226971
-1.2396677703994068,-0.5360668834018334,0.10008984580912905,0.616766911931277,-0.41021574714667836,-0.6780761694085883
-1.025533320058816,-0.6164817995034211,0.23105583813137298,0.578328911101653,-0.41021574714667836,-0.6780761694085883
-1.2210831453990247,-0.5993812625718472,0.21357712211855473,0.5865480474551316,-0.41021574714667836,-0.6852696104437986
-1.2210831453990247,-0.5993812625718472,0.2746904392764722,0.5865480474551316,-0.41998370618309416,-0.7111659981705561
-0.8130833307323274,-0.3777385555323265,0.1698803320865091,0.7749421487163385,-0.41021574714667836,-0.5356460369114224
-0.8926078965871627,-0.2845824213693107,-0.013646186048082765,0.7205264189157492,-0.41021574714667836,-0.6780761694085883
-1.4337938774227033,-0.1909475151734541,0.003832529964735487,0.7307664480231844,-0.41021574714667836,-0.6852696104437986
-1.4337938774227033,-0.2372736035948972,-0.09223821921881847,0.7307664480231844,-0.41998370618309416,-0.6852696104437986
-1.4337938774227033,-0.2372736035948972,-0.09223821921881847,0.7307664480231844,-0.41998370618309416,-0.7097273099635141
-1.2210831453990247,-0.5993812625718472,0.2746904392764722,0.5865480474551316,-0.371143911001015,-0.5701745538804324
-1.2210831453990247,-0.5993812625718472,0.26595108127006306,0.5906576156318709,-0.371143911001015,-0.5701745538804324
-1.025533320058816,-0.6224171669491514,0.26595108127006306,0.5350791557747485,-0.3906798290738467,-0.5701745538804324
-0.8764930071193712,-0.6390962054427709,-0.21421609798686703,0.4612898360026108,-0.3906798290738467,-0.5701745538804324
-1.1843357497182692,-0.5386829349252749,-0.1967995708609953,0.4612898360026108,-0.3906798290738467,-0.7068499335494299
-0.8130833307323274,-0.4528389097048562,-0.15310278082894968,0.4848903432685546,-0.3906798290738467,-0.7212368156198506
-0.9416051573814218,-0.6575757848779813,0.16981814319956257,0.5611392784022922,-0.7227904363119849,-0.8579121952888482
-1.0599350576165483,-0.6530194599358873,0.22219210235107067,0.4603033766324775,-0.7227904363119849,-0.8751764537733532
-1.3058589026100786,-0.6530194599358873,0.1959740283318433,0.4603033766324775,-0.7227904363119849,-0.8751764537733532
-1.0599350576165483,-0.6530194599358873,0.21345274434466155,0.4603033766324775,-0.7716302314940641,-0.8751764537733532
-1.3058589026100786,-0.6530194599358873,0.17849531231902505,0.4603033766324775,-0.7716302314940641,-0.8751764537733532
-1.3058589026100786,-0.6530194599358873,0.1959740283318433,0.4603033766324775,-0.7716302314940641,-0.8751764537733532
-1.711883697606019,-0.3841252087168395,-0.0049690169286200625,0.342795482166811,-0.7716302314940641,-0.9140210353634893
-1.3058589026100786,-0.6574635386949781,0.16107878519315344,0.4603033766324775,-0.7813981905304799,-0.8751764537733532
-0.8445809419947001,-0.7089919428624759,0.15233942718674431,0.44669243930564906,-0.7032545182391533,-0.8507187542536379
-0.8445809419947001,-0.7089919428624759,-0.0921138414449254,0.44669243930564906,-0.7032545182391533,-0.853596130667722
-0.797486608210686,-0.45666448395404435,-0.07469731431905369,1.5200022285007944,-0.7130224772755691,-0.8579121952888482
-0.8764930071193712,-0.4190868205737212,-0.08343667232546281,1.5298259705763142,-0.7130224772755691,-0.8579121952888482
-0.8130833307323274,-0.45666448395404435,0.11738199516110781,1.5298259705763142,-0.7813981905304799,-0.7500105797606923
0.8679943440147141,0.47224925351873487,0.45970949069778133,-1.8833336203793838,-0.08787309894495592,0.5232284834715482
0.3462884406448127,-0.5311417316031319,0.40665145378986095,-0.3540820089003975,-0.42975166521951,0.5591956886476002
-0.45042669294065546,-0.5311417316031319,0.40665145378986095,-0.3540820089003975,-0.42975166521951,0.5591956886476002
-0.45042669294065546,-0.5311417316031319,0.40665145378986095,-0.3540820089003975,-0.3320720748553517,0.5591956886476002
0.3462884406448127,-0.15020629992298465,-0.04767078476952098,0.5600521854139958,-0.7618622724576483,-0.059440240380494044
-0.6177538732183027,-0.24911225017875996,-0.030503013191435502,0.4457301639088844,-0.7618622724576483,0.1347826675701867
0.3462884406448127,-0.15020629992298465,-0.04767078476952098,0.5600521854139958,-0.7716302314940641,-0.059440240380494044
-0.6614538320231168,-0.18951119907493116,-0.01302429717861725,0.4494530385699621,-0.7716302314940641,-0.35437132282412037
-0.5326475221930151,-0.24071339900968886,-0.07413761433653465,0.4494530385699621,-0.7716302314940641,-0.35437132282412037
-0.19489770187610478,-0.40708046985994867,0.02193313484701931,0.56666274680463,-0.43951962425592583,-0.419112292141014
-0.8845370673778447,-0.3596186240840804,0.03048592619258883,0.37922623388765925,-0.43951962425592583,-0.4838532614579075
-1.0773206647888292,-0.44403321106884974,-0.1615933832875725,0.6231202726145719,-0.7716302314940641,-0.49248539070016
-0.5890519747074126,-0.5064473197680681,-0.07426199211042772,0.6231202726145719,-0.7716302314940641,-0.2320828252255436
-0.45042669294065546,-0.4657542244002776,0.4231973364984808,1.3106324286689017,-0.488359419438005,-0.5126270255987492
-0.45042669294065546,-0.7940479437951025,1.2525035138031504,0.43700101555699855,-0.605574927874995,-0.6867082986508407
1.546066721316975,2.074004798742222,1.3694733677815831,0.8693902479521413,2.8229786939069617,5.0191291304780465
1.424777301133732,2.057969450045794,1.3694733677815831,0.8134645491662515,2.8229786939069617,4.731391489069631
1.546066721316975,1.7673037897633055,1.6576234264452983,1.0501305239617207,2.6373874722150608,3.724309744140175
1.424777301133732,1.8909201834292257,0.9504816945695169,1.5201373059414895,1.6605915685734778,2.2856215370980957
1.6045101027547235,1.391357636182184,0.9680225994692817,1.0676145244893078,1.6605915685734778,0.41532686794339224
1.6045101027547235,2.546818113545775,0.8107141553539172,0.4296133318046733,1.6605915685734778,1.0339627969714864
1.6045101027547235,1.8560158451672304,1.3041458438378275,0.8705196869650947,1.6605915685734778,1.005189032830645
1.2971013537365281,1.8440901376876528,1.0902492337851166,2.0020331896506676,1.6605915685734778,1.0109437856588133
1.424777301133732,2.131021886630208,1.1861334163078308,0.9191233292104103,0.4200607709486673,1.3188230619658183
1.7718373407771728,2.131021886630208,0.9416801476761614,0.9191233292104103,0.4200607709486673,1.3188230619658183
1.7718373407771728,1.853770921507166,0.22530154669839875,0.5968556642332786,0.4200607709486673,1.27853979216864
0.5058423040193482,-0.2827772784141803,-0.11764783770774065,-0.4620405941075716,3.0085699155988626,-0.8794925183944794
0.5058423040193482,-0.08723781301418801,-0.484327740655245,-0.4620405941075716,3.0085699155988626,-0.8794925183944794
0.27741169010783756,-0.20796099120931336,-0.20510360665877855,-0.4271780644989193,3.0085699155988626,-0.28531428888610055
-0.45042669294065546,-0.29037345432444,0.10945109268500378,-1.9795953649795672,0.6056519926405681,0.31318000524340456
0.8679943440147141,0.23723490898755234,1.2106102014925548,-0.007722957216149287,0.263773426366014,0.8757070941968578
0.7884697520815926,0.025325682506327607,0.7302564555747852,-0.21393480803259846,0.263773426366014,0.9375706870996672
0.3462884406448127,-0.24445971062874386,0.2841138750392934,-13.033807163369696,-0.8009341086033116,-0.28531428888610055
-0.19489770187610478,-0.1981336222073008,-0.004284939172208124,-13.033807163369696,-0.8009341086033116,0.27145804723918426
-0.7360837837649973,-0.4831809655645918,-0.03911799342395156,1.0201775072059247,-0.7618622724576483,-0.3946545926212986
-1.2396677703994068,-0.4909617724251143,-0.12682251792277566,0.8017210469812909,-0.8595418628218066,-0.28531428888610055
-1.6448209552607205,-0.48702990945308855,0.3275619095235528,0.7878133552568934,-0.8595418628218066,-0.28531428888610055
1.546066721316975,0.6595855435324137,-1.8211385712011101,0.03396116646242864,-0.16601677123628256,0.5591956886476002
-0.019499675379053595,0.8454002218849638,-0.5712859985107105,-0.016847670984967228,1.2796411661532605,-0.28531428888610055
-1.0599350576165483,-0.397122982294436,0.45840352407190366,1.464004147710836,-1.1037408387322023,-0.44788605628185557
0.058204806750487205,-0.17901490467356734,-0.5275892084786649,-0.8792551262370246,0.781475255296053,-0.28531428888610055
0.7884697520815926,-0.30204258113041316,-0.413977554395346,-1.7615243273843222,0.781475255296053,-0.28531428888610055
0.058204806750487205,-0.2135344096613097,-0.45786091108823135,-0.4125625780637329,-0.3320720748553517,-0.28531428888610055
-0.19489770187610478,-0.07610012982240281,-0.5800875454040662,-0.2552596769058776,-0.3320720748553517,-0.28531428888610055
0.780371972459692,0.9589831119221517,-1.094590267817167,-0.2614276915109267,2.070845848102943,1.3173843737587763
0.5329407161044228,0.23617202175917648,-1.8725175081614733,0.12661065545173147,0.8107791324053005,0.4872612782954962
0.780371972459692,0.8900998911562452,-1.1120689838299853,0.04355754412609201,2.070845848102943,1.623824961858739
0.7884697520815926,0.6054245709076036,-1.0072588766400223,0.06738661697800975,2.070845848102943,1.623824961858739
0.5329407161044228,0.23617202175917648,-1.0597572135654236,-0.03919056965940555,0.8107791324053005,1.3001201152742712
0.739472474788821,0.7797011865778242,-1.1380383023014264,0.013400251266483983,1.0061383131336172,1.822363934430546
0.5329407161044228,0.7085959264323725,-1.164256376320654,0.007998808396096476,0.8107791324053005,1.6022446387531077
0.739472474788821,0.5289772625390354,-0.9546983508276743,0.008833743126111415,0.8107791324053005,1.6022446387531077
0.8990881388387254,0.7754266275966232,-0.9022622027892195,0.009536401252538275,0.8107791324053005,1.6022446387531077
0.6978714081233435,0.3252231167188809,-0.7628056080083527,0.0579523794816848,0.8107791324053005,2.530198532295249
0.780371972459692,0.7754266275966232,-1.2613843365822994,-0.05209380742796027,0.7619393372232214,0.5850920763743577
0.8679943440147141,0.19285369599830124,-1.200271019424382,-0.1913110030418555,0.7619393372232214,0.4872612782954962
-1.0599350576165483,-0.4108492307156043,0.5016649918953233,1.464004147710836,-0.3320720748553517,0.24268428309834267
-1.2026398496053274,-0.7401279804701695,0.9646022106872213,0.47852966823218707,-0.9181496170403015,-0.26085658936638517
-1.2026398496053274,-0.56236483010654,0.7986165974523942,0.9401250673830983,-2.2075202098471913,-0.7356236976902715
2.0753933894690286,1.5220226550967875,2.923524370748745,4.508430220058425,6.349211906053077,8.040374365266414
1.7718373407771728,2.3380737943813226,-0.7782942796388812,3.5224994754898633,4.512835607206901,4.760165253210473
1.7718373407771728,2.2891444897594773,-0.3068042695014137,3.092157828834127,4.512835607206901,5.047902894618889
1.7718373407771728,2.1641467525831506,-0.12352650691460854,2.7450310208930047,4.512835607206901,4.10843949542041
1.7718373407771728,2.1641467525831506,-0.06241318975669108,2.7450310208930047,4.512835607206901,3.9832736214077498
1.7718373407771728,2.511888589996491,-0.06241318975669108,2.9017122675981213,3.8876862288762872,2.710034558175509
1.7718373407771728,2.4923690076134237,-0.3679797755462779,2.8423574657070434,3.4676639903104065,2.417980852145967
0.7884697520815926,-0.08828239281814879,-0.5091154702747016,-2.0827168551338984,4.571443361425396,1.8022222995319568
1.546066721316975,2.108595282735727,0.39103840438543935,0.6005467810639675,0.898690763733043,-0.28531428888610055
1.546066721316975,2.201142116415919,0.7491033271004279,2.901172350458935,0.898690763733043,-0.28531428888610055
1.546066721316975,1.7873846030613887,1.0021715759646135,3.818925693810749,0.898690763733043,-0.28531428888610055
1.546066721316975,1.6144091730261692,0.8799449416487786,1.374395660900799,0.898690763733043,-0.28531428888610055
1.7718373407771728,2.0357490562503404,0.5572105842811057,1.8140133944832881,0.6349558697498155,2.8668515727430957
1.7718373407771728,1.799479830318856,0.45240047709114295,1.5615858010542687,0.6349558697498155,2.199300244675571
1.7718373407771728,2.4432573478906496,0.6357404285648951,0.7571361812714418,0.6251879107133997,0.7749989197039121
1.7718373407771728,2.6393649472259675,0.8190803800386472,0.3806384586527739,0.4591326070943306,0.27145804723918426
1.4861801488994317,2.4112508271129887,0.9413070143544822,0.36239434325164777,0.4591326070943306,0.05565481618287233
-0.8926078965871627,-0.5000698454531984,0.545361781927369,1.4256612179503527,-1.0939728796957866,-0.10260088659175644
-0.8926078965871627,-0.5000698454531984,0.5890585719594147,1.4256612179503527,-0.8107020676397274,-0.16014841487343962
-1.2396677703994068,-0.6572940189170883,0.5191437079081416,0.32534004650955345,-0.15624881219986675,-0.8852472712226478
-1.1481368427391072,-0.612853231326181,0.1612031629670464,0.32534004650955345,-0.6251108459478266,-0.872299077359269
-2.0003756019627907,-0.5693974740950138,-0.2667144349122684,0.3396169218699368,-0.6251108459478266,-0.8507187542536379
-1.1481368427391072,-0.5997729737089735,0.545361781927369,1.3106324286689017,-0.15624881219986675,-0.8852472712226478
-0.19489770187610478,-0.6572940189170883,0.7551063740811883,0.32534004650955345,-0.15624881219986675,-0.529891284083254
-0.9416051573814218,-0.6977946850690344,0.999808398260644,0.31582212960263123,-0.15624881219986675,-0.6564958463029571
-0.9416051573814218,-0.6200233067849467,0.6327553619914603,0.33603156978636367,-0.15624881219986675,-0.6564958463029571
1.6615782176979121,0.6495034598196485,-0.3069286472753072,0.5641601103391458,1.768039117974052,-0.28531428888610055
-0.7360837837649973,-0.44980135974346014,0.414147034057339,1.5994284781503627,-0.5078953375108366,-0.9183370999846155
-0.8130833307323274,-0.45666448395404435,0.37045024402529325,1.609765550388137,-0.5567351326929159,-0.8133128608705438
-1.0599350576165483,-0.44310775531076574,0.37045024402529325,1.6511138393392342,-0.5567351326929159,-1.0492577268254448
-1.2396677703994068,-0.6909338618652201,0.9386950811027268,0.22608246713602786,-0.7716302314940641,-0.5342073487043804
-0.8926078965871627,-0.6716662581422175,0.9386950811027268,0.21965635704935696,-0.3320720748553517,-0.5917548769860635
-0.19489770187610478,-0.7685334193646485,1.5498282526819007,0.21983760484320364,-0.7227904363119849,-0.6234060175409892
-0.19489770187610478,-0.6064619761281285,0.8861345552903788,0.20876612788802246,-0.7227904363119849,-0.7931712259719547
-0.19489770187610478,-0.7685334193646485,1.3664883012081486,0.21983760484320364,-0.9962932893316282,-0.7931712259719547
-0.31929842133061487,-0.8095151585562054,1.1917011410799658,0.22508318162034135,-0.9962932893316282,-0.6133352000916947
-0.19489770187610478,-0.8028490404175693,1.3664883012081486,0.22858023280509984,-0.9962932893316282,-0.6924630514790091
-0.45042669294065546,-0.8028490404175693,1.1917011410799658,0.22858023280509984,-0.9962932893316282,-0.8147515490775858
-0.8926078965871627,-0.8340721389209774,1.3664883012081486,0.23907138635937533,-0.9962932893316282,-0.5557876718100115
-0.31929842133061487,-0.8028490404175693,1.069474506764131,0.23549047064969197,-1.1330447158414498,-0.5485942307748011
-0.45042669294065546,-0.8095151585562054,1.069474506764131,0.22858023280509984,-1.1330447158414498,-0.5917548769860635
-0.5890519747074126,-0.844197305458964,0.9908202847064488,0.23907138635937533,-1.1330447158414498,-0.5557876718100115
-1.4337938774227033,-0.8582625934359116,1.069474506764131,0.25131106550603005,-1.1330447158414498,-0.2320828252255436
0.3462884406448127,-0.2598604980827528,-0.14411466727475425,-0.3112913746848731,2.1880613565399325,-0.28531428888610055
1.546066721316975,1.3482088301991983,2.3991628903641975,0.6721694340477438,0.4884364842035781,0.8900939762672785
1.546066721316975,1.259157735239494,0.8885599218812946,0.6058444207081785,0.4884364842035781,0.8656362767475632
1.546066721316975,1.3531018936903019,0.9235173539069311,0.6683911268986524,0.4786685251671623,0.861320212126437
0.7681743805784704,0.22086972476242372,-0.16890239689421083,-0.2279665981813562,-0.019497385690045103,0.6901163154884294
1.0560949958200747,0.10791224225544772,0.18916252582077742,0.4115010014558642,-0.019497385690045103,0.990802150760224
0.9601047605618303,0.27605878541475964,0.1454657357887318,0.4205359061576235,-0.019497385690045103,0.4872612782954962
0.7559151325578232,0.3684268952899831,-0.2825140509775296,-0.23329061427044126,-0.019497385690045103,0.41532686794339224
1.034278211586197,0.3208386125614464,0.2676923701045666,0.2288865019737094,-0.019497385690045103,0.37935966276734023
0.8522966661152994,0.2556939051490136,-0.0031033503202235746,0.9001868673844544,-0.019497385690045103,0.3433924575912883
0.5329407161044228,0.23026644161427423,-0.15167243642917883,1.0226726023626234,-0.019497385690045103,0.27145804723918426
0.8205931720422397,0.2436284651923746,0.08416585196997473,0.152572714129414,-0.019497385690045103,0.3433924575912883
0.4414097538959637,-0.1010740066115898,0.20608154185107672,0.16207373843027362,-0.019497385690045103,-0.04505335831007325
0.3462884406448127,-0.26672362229333696,0.34560032551889014,1.1189177798664836,-0.34184003389176754,1.3533515789348283
0.3462884406448127,-0.09334270023780808,0.5289402769926423,-0.25136874812173643,-0.3320720748553517,0.5232284834715482
0.3462884406448127,-0.16532074455999693,0.3542774946383527,-0.270392911272848,-0.3809118700374308,-0.28531428888610055
-0.07656777689321397,-0.3311581874440489,-0.10878410192743837,1.7577018020179875,-0.3809118700374308,-0.016279594169231654
-0.2813036658862231,-0.011748048711301778,-0.2400610386844151,-1.4322561099231796,-0.3809118700374308,-0.28531428888610055
0.2472835691393137,-0.19018009931684665,0.06600305820074434,1.2010825692391152,-0.5078953375108366,-0.14144546818189258
-0.19489770187610478,0.10312452192703808,-0.04767078476952098,-0.2849818000778977,-0.3320720748553517,0.7749989197039121
0.3462884406448127,-0.163520203618406,0.03104562617510779,-0.4326218308789129,-0.3809118700374308,0.27145804723918426
0.6211425333074179,-0.1501329947530171,0.14459509137148,-0.45479612138442727,-0.3809118700374308,0.09881546239413472
-0.3709021183930639,-0.37920005691813796,0.09184799889829237,1.9986325940649001,-0.3809118700374308,-0.31840411764806836
0.2472835691393137,-0.21235009738028737,0.10951328157195034,-0.47137554382968455,-0.3809118700374308,0.09881546239413472
-0.3449630234708161,-0.45615592462037524,0.1267432420369824,1.4476589081765925,-0.3809118700374308,-0.31840411764806836
-0.3449630234708161,-0.5209043188821422,-0.056721087210662935,-4.806503558646972,-0.5078953375108366,-0.2551018365382169
-0.05357914596864024,-0.42355608462010047,0.22268961344664318,1.4476589081765925,-0.5078953375108366,-0.44644736807481344
-0.5890519747074126,-0.6426675000251245,0.1352960333825518,4.407146858338345,-0.5078953375108366,-0.4090414746917194
-0.6614538320231168,-0.6039650738079995,0.06538116933127869,2.228496841589572,-0.5078953375108366,-0.36300345206637286
-0.2563005340951305,-0.583375701176247,0.11781731736973355,1.491286937709947,-0.5078953375108366,-0.36300345206637286
-0.3449630234708161,-0.539805396755307,0.275125761485098,0.7166632888129093,-0.5078953375108366,-0.44644736807481344
-0.5606857784186521,-0.6684042158148151,0.22268961344664318,1.491286937709947,-0.5078953375108366,-0.36300345206637286
-0.38397644787789703,-0.637181117311407,0.22268961344664318,0.4283980357883196,-0.5078953375108366,-0.239276266260754
-0.19489770187610478,-0.637181117311407,0.22268961344664318,0.4283980357883196,-0.5078953375108366,-0.5730519302945165
-0.5606857784186521,-0.6785293823528017,0.08285988534409705,0.4471973979547699,-0.5078953375108366,-0.36875820489454114
-1.1302380030974664,-0.7445445729352018,-0.10066663279049481,0.4283980357883196,-0.5078953375108366,-0.2824369124720164
-1.3347890463385486,-0.7883828875912877,0.2919825886284507,0.4278707326865541,-1.0939728796957866,-0.6147738882987368
-0.5466261323923093,-0.7233092094994884,0.4317501278440502,0.8025928728408588,-1.0939728796957866,-0.655057158095915
-0.2687698793339406,-0.710874942686242,0.6501097002303856,0.4320344637781712,-1.5530669544073306,-0.28531428888610055
-0.019499675379053595,-0.5910795212559703,0.4497885438393876,0.3046902223786777,-0.5371992146200841,-0.8291384311480067
-0.1350111442468644,-0.6682896686250421,0.11787950625668014,0.317854355496525,-0.5762710507657475,0.18945281943778575
-0.6467995150032395,-0.6286869719371216,-0.20510360665877855,0.37826640334445216,-0.7130224772755691,-0.8219449901127962
-0.797486608210686,-0.7381579197506888,-0.4061088408061887,0.412731900649611,-0.7130224772755691,-0.6924630514790091
1.546066721316975,0.6998223161039638,-0.16809394136390554,-0.0058734032811779465,0.781475255296053,1.2008506289883678
0.7884697520815926,0.10020151915541507,0.284735763908759,1.3493326859485506,1.6312876914642302,1.9417750556150386
1.546066721316975,0.4717806059156809,1.481530299691238,0.09833919623834193,0.9768344360243697,1.3921961605249644
1.2198480308300645,0.3315227090076792,-0.8760441287699922,-0.04332752333820327,0.9768344360243697,1.1663221120193579
0.9449939154304468,0.7042956968050931,-0.9460833705951585,-0.04420376148111266,0.9768344360243697,0.8685136531616473
0.9751220395179041,0.4086434944742666,-0.46604056911212144,-0.13488745128874874,0.3907568938394198,0.6109884641011151
0.9144868114160536,0.3114418957095958,-0.2738990707450135,-0.12876134041831805,0.3907568938394198,0.7663667904616597
